{"@class":"app.Task","ownCS":{"min":{"x":-10.0,"y":-10.0},"max":{"x":10.0,"y":10.0}},"circles":[{"centre":{"x":1.830443159922929,"y":-1.0992907801418443},"radius":5.157940884834849},{"centre":{"x":1.830443159922929,"y":-1.1702127659574462},"radius":6.0199012567855},{"centre":{"x":7.3025048169556825,"y":-6.879432624113475},"radius":5.391053440014245},{"centre":{"x":7.263969171483623,"y":-6.879432624113475},"radius":4.019971353712254}],"cross":true,"solved":false}